data	nome	ruido	modelo	cabeca	treino_em	conjunto	estado	nll	oraculo	gap	erro_mu_graus	amostras	melhor_epoca	parametros
2026-09-27 13:55	angular_m3_hist_GBL	angular	m3	hist	GBL	validacao	G	1.42407	0.92159	0.50248	30.31	40960	0	20404
2026-09-27 13:55	angular_m3_hist_GBL	angular	m3	hist	GBL	validacao	B	1.44430	0.92159	0.52272	33.18	40960	0	20404
2026-09-27 13:55	angular_m3_hist_GBL	angular	m3	hist	GBL	validacao	L	1.44649	0.92159	0.52490	35.22	40960	0	20404
2026-09-27 13:55	angular_m3_hist_GBL	angular	m3	hist	GBL	teste	G	1.42568	0.92159	0.50409	30.40	40960	0	20404
2026-09-27 13:55	angular_m3_hist_GBL	angular	m3	hist	GBL	teste	B	1.44116	0.92159	0.51958	33.13	40960	0	20404
2026-09-27 13:55	angular_m3_hist_GBL	angular	m3	hist	GBL	teste	L	1.44737	0.92159	0.52578	35.27	40960	0	20404
2026-09-27 13:56	angular_m0	angular	m0	-	-	validacao	G	0.92159	0.92159	0.00000	0.00	40960	0	0
2026-09-27 13:56	angular_m0	angular	m0	-	-	validacao	B	0.92159	0.92159	0.00000	0.00	40960	0	0
2026-09-27 13:56	angular_m0	angular	m0	-	-	validacao	L	0.92159	0.92159	0.00000	0.00	40960	0	0
2026-09-27 13:56	angular_m0	angular	m0	-	-	teste	G	0.92159	0.92159	0.00000	0.00	40960	0	0
2026-09-27 13:56	angular_m0	angular	m0	-	-	teste	B	0.92159	0.92159	0.00000	0.00	40960	0	0
2026-09-27 13:56	angular_m0	angular	m0	-	-	teste	L	0.92159	0.92159	0.00000	0.00	40960	0	0
2026-09-27 13:57	angular_m0h_hist_GBL	angular	m0h	hist	GBL	validacao	G	0.92932	0.92159	0.00774	0.00	40960	19	7732
2026-09-27 13:57	angular_m0h_hist_GBL	angular	m0h	hist	GBL	validacao	B	0.92943	0.92159	0.00784	0.00	40960	19	7732
2026-09-27 13:57	angular_m0h_hist_GBL	angular	m0h	hist	GBL	validacao	L	0.92990	0.92159	0.00832	0.00	40960	19	7732
2026-09-27 13:57	angular_m0h_hist_GBL	angular	m0h	hist	GBL	teste	G	0.92915	0.92159	0.00757	0.00	40960	19	7732
2026-09-27 13:57	angular_m0h_hist_GBL	angular	m0h	hist	GBL	teste	B	0.92950	0.92159	0.00791	0.00	40960	19	7732
2026-09-27 13:57	angular_m0h_hist_GBL	angular	m0h	hist	GBL	teste	L	0.92946	0.92159	0.00788	0.00	40960	19	7732
2026-09-27 13:57	angular_m1_hist_GBL	angular	m1	hist	GBL	validacao	G	1.40455	0.92159	0.48297	28.17	40960	19	52
2026-09-27 13:57	angular_m1_hist_GBL	angular	m1	hist	GBL	validacao	B	1.42622	0.92159	0.50464	31.79	40960	19	52
2026-09-27 13:57	angular_m1_hist_GBL	angular	m1	hist	GBL	validacao	L	1.43214	0.92159	0.51056	34.65	40960	19	52
2026-09-27 13:57	angular_m1_hist_GBL	angular	m1	hist	GBL	teste	G	1.40726	0.92159	0.48567	28.20	40960	19	52
2026-09-27 13:57	angular_m1_hist_GBL	angular	m1	hist	GBL	teste	B	1.42270	0.92159	0.50111	31.76	40960	19	52
2026-09-27 13:57	angular_m1_hist_GBL	angular	m1	hist	GBL	teste	L	1.43084	0.92159	0.50926	34.59	40960	19	52
2026-09-27 13:59	angular_m2_hist_GBL	angular	m2	hist	GBL	validacao	G	1.03591	0.92159	0.11433	7.16	40960	19	14836
2026-09-27 13:59	angular_m2_hist_GBL	angular	m2	hist	GBL	validacao	B	1.03906	0.92159	0.11747	7.39	40960	19	14836
2026-09-27 13:59	angular_m2_hist_GBL	angular	m2	hist	GBL	validacao	L	1.04533	0.92159	0.12374	7.82	40960	19	14836
2026-09-27 13:59	angular_m2_hist_GBL	angular	m2	hist	GBL	teste	G	1.03819	0.92159	0.11660	7.23	40960	19	14836
2026-09-27 13:59	angular_m2_hist_GBL	angular	m2	hist	GBL	teste	B	1.03923	0.92159	0.11764	7.31	40960	19	14836
2026-09-27 13:59	angular_m2_hist_GBL	angular	m2	hist	GBL	teste	L	1.04728	0.92159	0.12569	7.87	40960	19	14836
2026-09-27 14:01	angular_m3_hist_GBL	angular	m3	hist	GBL	validacao	G	0.98608	0.92159	0.06449	3.65	40960	19	20404
2026-09-27 14:01	angular_m3_hist_GBL	angular	m3	hist	GBL	validacao	B	0.97274	0.92159	0.05115	2.99	40960	19	20404
2026-09-27 14:01	angular_m3_hist_GBL	angular	m3	hist	GBL	validacao	L	0.95828	0.92159	0.03670	2.12	40960	19	20404
2026-09-27 14:01	angular_m3_hist_GBL	angular	m3	hist	GBL	teste	G	0.98437	0.92159	0.06278	3.68	40960	19	20404
2026-09-27 14:01	angular_m3_hist_GBL	angular	m3	hist	GBL	teste	B	0.97311	0.92159	0.05153	2.97	40960	19	20404
2026-09-27 14:01	angular_m3_hist_GBL	angular	m3	hist	GBL	teste	L	0.95810	0.92159	0.03652	2.11	40960	19	20404
2026-09-27 14:01	vetorial_m0	vetorial	m0	-	-	validacao	G	0.10648	0.10648	0.00000	0.00	40960	0	0
2026-09-27 14:01	vetorial_m0	vetorial	m0	-	-	validacao	B	0.10340	0.10340	0.00000	0.00	40960	0	0
2026-09-27 14:01	vetorial_m0	vetorial	m0	-	-	validacao	L	0.06832	0.06832	0.00000	0.00	40960	0	0
2026-09-27 14:01	vetorial_m0	vetorial	m0	-	-	teste	G	0.10950	0.10950	0.00000	0.00	40960	0	0
2026-09-27 14:01	vetorial_m0	vetorial	m0	-	-	teste	B	0.10346	0.10346	0.00000	0.00	40960	0	0
2026-09-27 14:01	vetorial_m0	vetorial	m0	-	-	teste	L	0.07511	0.07511	0.00000	0.00	40960	0	0
2026-09-27 14:02	vetorial_m0h_hist_GBL	vetorial	m0h	hist	GBL	validacao	G	0.30934	0.10648	0.20286	0.00	40960	19	7732
2026-09-27 14:02	vetorial_m0h_hist_GBL	vetorial	m0h	hist	GBL	validacao	B	0.28521	0.10340	0.18181	0.00	40960	19	7732
2026-09-27 14:02	vetorial_m0h_hist_GBL	vetorial	m0h	hist	GBL	validacao	L	0.24991	0.06832	0.18158	0.00	40960	19	7732
2026-09-27 14:02	vetorial_m0h_hist_GBL	vetorial	m0h	hist	GBL	teste	G	0.30699	0.10950	0.19749	0.00	40960	19	7732
2026-09-27 14:02	vetorial_m0h_hist_GBL	vetorial	m0h	hist	GBL	teste	B	0.28633	0.10346	0.18287	0.00	40960	19	7732
2026-09-27 14:02	vetorial_m0h_hist_GBL	vetorial	m0h	hist	GBL	teste	L	0.25312	0.07511	0.17801	0.00	40960	19	7732
2026-09-27 14:02	vetorial_m1_hist_GBL	vetorial	m1	hist	GBL	validacao	G	0.93203	0.10648	0.82554	13.76	40960	17	52
2026-09-27 14:02	vetorial_m1_hist_GBL	vetorial	m1	hist	GBL	validacao	B	1.00780	0.10340	0.90439	21.49	40960	17	52
2026-09-27 14:02	vetorial_m1_hist_GBL	vetorial	m1	hist	GBL	validacao	L	0.98103	0.06832	0.91271	22.42	40960	17	52
2026-09-27 14:02	vetorial_m1_hist_GBL	vetorial	m1	hist	GBL	teste	G	0.93079	0.10950	0.82129	13.73	40960	17	52
2026-09-27 14:02	vetorial_m1_hist_GBL	vetorial	m1	hist	GBL	teste	B	1.01333	0.10346	0.90987	21.67	40960	17	52
2026-09-27 14:02	vetorial_m1_hist_GBL	vetorial	m1	hist	GBL	teste	L	0.98587	0.07511	0.91076	22.45	40960	17	52
2026-09-27 14:04	vetorial_m2_hist_GBL	vetorial	m2	hist	GBL	validacao	G	0.43345	0.10648	0.32697	4.64	40960	19	14836
2026-09-27 14:04	vetorial_m2_hist_GBL	vetorial	m2	hist	GBL	validacao	B	0.50236	0.10340	0.39896	4.80	40960	19	14836
2026-09-27 14:04	vetorial_m2_hist_GBL	vetorial	m2	hist	GBL	validacao	L	0.49779	0.06832	0.42946	4.77	40960	19	14836
2026-09-27 14:04	vetorial_m2_hist_GBL	vetorial	m2	hist	GBL	teste	G	0.42665	0.10950	0.31715	4.67	40960	19	14836
2026-09-27 14:04	vetorial_m2_hist_GBL	vetorial	m2	hist	GBL	teste	B	0.50558	0.10346	0.40212	4.82	40960	19	14836
2026-09-27 14:04	vetorial_m2_hist_GBL	vetorial	m2	hist	GBL	teste	L	0.50035	0.07511	0.42524	4.68	40960	19	14836
2026-09-27 14:06	vetorial_m3_hist_GBL	vetorial	m3	hist	GBL	validacao	G	0.37978	0.10648	0.27329	3.06	40960	19	20404
2026-09-27 14:06	vetorial_m3_hist_GBL	vetorial	m3	hist	GBL	validacao	B	0.36956	0.10340	0.26616	2.12	40960	19	20404
2026-09-27 14:06	vetorial_m3_hist_GBL	vetorial	m3	hist	GBL	validacao	L	0.31722	0.06832	0.24890	1.41	40960	19	20404
2026-09-27 14:06	vetorial_m3_hist_GBL	vetorial	m3	hist	GBL	teste	G	0.37575	0.10950	0.26625	3.14	40960	19	20404
2026-09-27 14:06	vetorial_m3_hist_GBL	vetorial	m3	hist	GBL	teste	B	0.37209	0.10346	0.26864	2.11	40960	19	20404
2026-09-27 14:06	vetorial_m3_hist_GBL	vetorial	m3	hist	GBL	teste	L	0.32149	0.07511	0.24637	1.41	40960	19	20404
2026-09-27 15:47	angular_m3_hist_GBL_e60	angular	m3	hist	GBL	validacao	G	0.96183	0.92159	0.04024	2.27	40960	57	20404
2026-09-27 15:47	angular_m3_hist_GBL_e60	angular	m3	hist	GBL	validacao	B	0.95605	0.92159	0.03447	1.96	40960	57	20404
2026-09-27 15:47	angular_m3_hist_GBL_e60	angular	m3	hist	GBL	validacao	L	0.94715	0.92159	0.02556	1.48	40960	57	20404
2026-09-27 15:47	angular_m3_hist_GBL_e60	angular	m3	hist	GBL	teste	G	0.96273	0.92159	0.04115	2.32	40960	57	20404
2026-09-27 15:47	angular_m3_hist_GBL_e60	angular	m3	hist	GBL	teste	B	0.95443	0.92159	0.03285	1.94	40960	57	20404
2026-09-27 15:47	angular_m3_hist_GBL_e60	angular	m3	hist	GBL	teste	L	0.94653	0.92159	0.02494	1.46	40960	57	20404
2026-09-27 15:54	angular_m4_hist_GBL_e60	angular	m4	hist	GBL	validacao	G	0.94398	0.92159	0.02239	0.93	40960	59	21557
2026-09-27 15:54	angular_m4_hist_GBL_e60	angular	m4	hist	GBL	validacao	B	0.94013	0.92159	0.01855	0.86	40960	59	21557
2026-09-27 15:54	angular_m4_hist_GBL_e60	angular	m4	hist	GBL	validacao	L	0.93672	0.92159	0.01513	0.71	40960	59	21557
2026-09-27 15:54	angular_m4_hist_GBL_e60	angular	m4	hist	GBL	teste	G	0.94438	0.92159	0.02280	0.95	40960	59	21557
2026-09-27 15:54	angular_m4_hist_GBL_e60	angular	m4	hist	GBL	teste	B	0.93948	0.92159	0.01789	0.84	40960	59	21557
2026-09-27 15:54	angular_m4_hist_GBL_e60	angular	m4	hist	GBL	teste	L	0.93557	0.92159	0.01398	0.70	40960	59	21557
2026-09-27 16:04	angular_m5_hist_GBL_e60	angular	m5	hist	GBL	validacao	G	0.94439	0.92159	0.02281	0.97	40960	59	25014
2026-09-27 16:04	angular_m5_hist_GBL_e60	angular	m5	hist	GBL	validacao	B	0.94046	0.92159	0.01888	0.89	40960	59	25014
2026-09-27 16:04	angular_m5_hist_GBL_e60	angular	m5	hist	GBL	validacao	L	0.93690	0.92159	0.01531	0.74	40960	59	25014
2026-09-27 16:04	angular_m5_hist_GBL_e60	angular	m5	hist	GBL	teste	G	0.94445	0.92159	0.02287	0.99	40960	59	25014
2026-09-27 16:04	angular_m5_hist_GBL_e60	angular	m5	hist	GBL	teste	B	0.94001	0.92159	0.01842	0.87	40960	59	25014
2026-09-27 16:04	angular_m5_hist_GBL_e60	angular	m5	hist	GBL	teste	L	0.93611	0.92159	0.01452	0.72	40960	59	25014
2026-09-27 16:09	vetorial_m3_hist_GBL_e60	vetorial	m3	hist	GBL	validacao	G	0.34186	0.10648	0.23537	1.99	40960	58	20404
2026-09-27 16:09	vetorial_m3_hist_GBL_e60	vetorial	m3	hist	GBL	validacao	B	0.32833	0.10340	0.22493	1.35	40960	58	20404
2026-09-27 16:09	vetorial_m3_hist_GBL_e60	vetorial	m3	hist	GBL	validacao	L	0.28317	0.06832	0.21485	0.95	40960	58	20404
2026-09-27 16:09	vetorial_m3_hist_GBL_e60	vetorial	m3	hist	GBL	teste	G	0.33584	0.10950	0.22635	2.00	40960	58	20404
2026-09-27 16:09	vetorial_m3_hist_GBL_e60	vetorial	m3	hist	GBL	teste	B	0.32988	0.10346	0.22642	1.37	40960	58	20404
2026-09-27 16:09	vetorial_m3_hist_GBL_e60	vetorial	m3	hist	GBL	teste	L	0.28692	0.07511	0.21180	0.96	40960	58	20404
2026-09-27 16:18	vetorial_m4_hist_GBL_e60	vetorial	m4	hist	GBL	validacao	G	0.31692	0.10648	0.21044	0.93	40960	59	21557
2026-09-27 16:18	vetorial_m4_hist_GBL_e60	vetorial	m4	hist	GBL	validacao	B	0.29326	0.10340	0.18985	0.62	40960	59	21557
2026-09-27 16:18	vetorial_m4_hist_GBL_e60	vetorial	m4	hist	GBL	validacao	L	0.25737	0.06832	0.18905	0.45	40960	59	21557
2026-09-27 16:18	vetorial_m4_hist_GBL_e60	vetorial	m4	hist	GBL	teste	G	0.31085	0.10950	0.20135	0.93	40960	59	21557
2026-09-27 16:18	vetorial_m4_hist_GBL_e60	vetorial	m4	hist	GBL	teste	B	0.29515	0.10346	0.19169	0.62	40960	59	21557
2026-09-27 16:18	vetorial_m4_hist_GBL_e60	vetorial	m4	hist	GBL	teste	L	0.25837	0.07511	0.18326	0.45	40960	59	21557
2026-09-27 16:28	vetorial_m5_hist_GBL_e60	vetorial	m5	hist	GBL	validacao	G	0.32061	0.10648	0.21412	1.07	40960	59	25014
2026-09-27 16:28	vetorial_m5_hist_GBL_e60	vetorial	m5	hist	GBL	validacao	B	0.29513	0.10340	0.19173	0.68	40960	59	25014
2026-09-27 16:28	vetorial_m5_hist_GBL_e60	vetorial	m5	hist	GBL	validacao	L	0.25917	0.06832	0.19085	0.47	40960	59	25014
2026-09-27 16:28	vetorial_m5_hist_GBL_e60	vetorial	m5	hist	GBL	teste	G	0.31575	0.10950	0.20625	1.10	40960	59	25014
2026-09-27 16:28	vetorial_m5_hist_GBL_e60	vetorial	m5	hist	GBL	teste	B	0.29858	0.10346	0.19512	0.66	40960	59	25014
2026-09-27 16:28	vetorial_m5_hist_GBL_e60	vetorial	m5	hist	GBL	teste	L	0.26046	0.07511	0.18535	0.48	40960	59	25014
2026-09-28 21:50	vetorial_m4_hist_GL_e60	vetorial	m4	hist	GL	validacao	G	0.32121	0.10648	0.21473	0.98	40960	58	21557
2026-09-28 21:50	vetorial_m4_hist_GL_e60	vetorial	m4	hist	GL	validacao	B	0.29825	0.10340	0.19485	0.68	40960	58	21557
2026-09-28 21:50	vetorial_m4_hist_GL_e60	vetorial	m4	hist	GL	validacao	L	0.26060	0.06832	0.19228	0.51	40960	58	21557
2026-09-28 21:50	vetorial_m4_hist_GL_e60	vetorial	m4	hist	GL	teste	G	0.31545	0.10950	0.20595	0.97	40960	58	21557
2026-09-28 21:50	vetorial_m4_hist_GL_e60	vetorial	m4	hist	GL	teste	B	0.30009	0.10346	0.19663	0.67	40960	58	21557
2026-09-28 21:50	vetorial_m4_hist_GL_e60	vetorial	m4	hist	GL	teste	L	0.26213	0.07511	0.18702	0.51	40960	58	21557
