arq	fonte	init	semente	rho	N	robs	transiente	passos	phi	chi	binder	A_media	frac_banda	A_banda	cos_medio	modo
oraculo_vetorial_e0.55_L64x64_r0.25_aleatorio_s1.npz	oraculo	aleatorio	1	0.25	1024	1	5000	35000	0.09817	2.525	0.362	0.1571	0.004286	0.2611	0.9174	(1,0)
oraculo_vetorial_e0.55_L64x64_r0.3_aleatorio_s1.npz	oraculo	aleatorio	1	0.3	1229	1	5000	35000	0.1539	9.85	0.2438	0.1985	0.1329	0.3171	0.9513	(0,1)
oraculo_vetorial_e0.55_L64x64_r0.3_aleatorio_s2.npz	oraculo	aleatorio	2	0.3	1229	1	5000	35000	0.132	5.907	0.3249	0.1784	0.03429	0.2843	0.933	(0,1)
vetorial_m4_hist_GBL_e60_L64x64_r0.3_aleatorio_s1.npz	rede_GBL	aleatorio	1	0.3	1229	1.2	5000	35000	0.1248	5.324	0.3288	0.1739	0.02286	0.2702	0.9718	(0,1)
vetorial_m4_hist_GL_e60_L64x64_r0.3_aleatorio_s1.npz	rede_GL	aleatorio	1	0.3	1229	1.2	5000	35000	0.136	6.419	0.3054	0.1846	0.05	0.283	0.9283	(0,1)
oraculo_vetorial_e0.55_L64x64_r0.35_aleatorio_s1.npz	oraculo	aleatorio	1	0.35	1434	1	5000	35000	0.2384	15.22	0.4598	0.2443	0.33	0.3248	0.9568	(1,0)
oraculo_vetorial_e0.55_L64x64_r0.35_aleatorio_s2.npz	oraculo	aleatorio	2	0.35	1434	1	5000	35000	0.2784	20.36	0.4875	0.2839	0.5186	0.3529	0.9656	(0,1)
vetorial_m4_hist_GBL_e60_L64x64_r0.35_aleatorio_s1.npz	rede_GBL	aleatorio	1	0.35	1434	1.2	5000	35000	0.2202	17.64	0.3892	0.2293	0.2514	0.3271	0.9573	(1,0)
vetorial_m4_hist_GL_e60_L64x64_r0.35_aleatorio_s1.npz	rede_GL	aleatorio	1	0.35	1434	1.2	5000	35000	0.2417	15.23	0.4774	0.2423	0.3471	0.3169	0.9563	(0,1)
oraculo_vetorial_e0.55_L64x64_r0.4_aleatorio_s1.npz	oraculo	aleatorio	1	0.4	1638	1	5000	35000	0.4386	16.68	0.6183	0.4158	0.8971	0.4365	0.9753	(1,0)
vetorial_m4_hist_GBL_e60_L64x64_r0.4_aleatorio_s1.npz	rede_GBL	aleatorio	1	0.4	1638	1.2	5000	35000	0.4562	17.88	0.617	0.4253	0.8886	0.4516	0.9773	(0,1)
vetorial_m4_hist_GL_e60_L64x64_r0.4_aleatorio_s1.npz	rede_GL	aleatorio	1	0.4	1638	1.2	5000	35000	0.4313	14.94	0.6176	0.3847	0.81	0.4205	0.9688	(0,1)
oraculo_vetorial_e0.55_L64x64_r0.5_aleatorio_s1.npz	oraculo	aleatorio	1	0.5	2048	1	5000	35000	0.5946	2.885	0.6615	0.5652	1	0.5652	0.9907	(1,0)
vetorial_m4_hist_GBL_e60_L64x64_r0.5_aleatorio_s1.npz	rede_GBL	aleatorio	1	0.5	2048	1.2	5000	35000	0.59	3.669	0.6602	0.5528	0.9986	0.5532	0.9921	(1,0)
vetorial_m4_hist_GL_e60_L64x64_r0.5_aleatorio_s1.npz	rede_GL	aleatorio	1	0.5	2048	1.2	5000	35000	0.6003	3.207	0.6611	0.5724	1	0.5724	0.9918	(1,0)
oraculo_vetorial_e0.55_L64x64_r0.6_aleatorio_s1.npz	oraculo	aleatorio	1	0.6	2458	1	5000	35000	0.6415	2.164	0.6639	0.586	0.9971	0.5867	0.9912	(1,0)
oraculo_vetorial_e0.55_L64x64_r0.75_aleatorio_s1.npz	oraculo	aleatorio	1	0.75	3072	1	5000	35000	0.6916	1.925	0.665	0.6157	1	0.6157	0.9941	(1,0)
oraculo_vetorial_e0.55_L64x64_r1_aleatorio_s1.npz	oraculo	aleatorio	1	1	4096	1	5000	35000	0.7351	1.473	0.6658	0.6015	1	0.6015	0.9939	(0,1)
